name	email	phone
Maggi	mdomney0@wisdompets.com	760-702-5469
Javier	jdawks1@red30design.com	860-906-1459
Aleen	afasey2@kinetecoinc.com	561-410-2222
Taylor	tjenkins@rouxacademy.org	954-294-7424
Imogen	ikabsch@landonhotel.com	864-326-7456
Dunc	dwinny5@kinetecoinc.com	706-389-4923
Cammi	ckynett6@orangevalleycaa.org	202-798-6252
Steffie	skleis7@wisdompets.com	812-301-6915
Carilyn	ccalver8@samoca.org	571-718-5931
Barbara-anne	bsweet9@samoca.org	210-776-2859
Faina	fnellesa@red30design.com	484-145-8882
Orton	ostaversb@orangevalleycaa.org	571-414-2322
Jobina	jmckernc@rouxacademy.org	805-540-9168
Paco	pyarrantond@rouxacademy.org	614-173-1770
Chance	ctodeoe@wisdompets.com	214-351-1058
Carla	cswinfenf@kinetecoinc.com	574-883-7972
Lani	loverg@wisdompets.com	719-792-4724
Anthe	adinjesh@samoca.org	202-164-5786
Amby	aharberi@hplussport.com	919-557-3321
Jacinta	jvallisj@kinetecoinc.com	661-103-5365
Henri	hpughek@orangevalleycaa.org	434-339-5926
Cassandre	cwraggl@landonhotel.com	703-646-1738
Amory	abunyardm@samoca.org	785-691-3913
Carny	cscampn@wisdompets.com	212-198-3815
Paulie	pkinvigo@hplussport.com	215-647-3796
Taylor	tjenkins@redt30design.com	202-765-8011
Yves	ydellabbateq@rouxacademy.org	804-689-9010
Culley	ccawoodr@samoca.org	202-959-7069
Herby	haspinals@red30design.com	916-942-8188
Emlyn	eattwoolt@hplussport.com	515-478-3690
Osgood	osaunteru@red30design.com	405-620-8345
Demetri	diacobacciv@landonhotel.com	302-843-4915
Eloisa	eforsterw@wisdompets.com	269-400-8205
Carlin	ccasteroux@landonhotel.com	915-815-0411
Luciano	lwintony@hplussport.com	336-968-8032
Allyson	ajiraz@wisdompets.com	315-720-5302
Jillane	jlivingstone10@wisdompets.com	571-135-9052
Christyna	cmcgilroy11@landonhotel.com	202-132-1057
Oralla	odayer12@samoca.org	916-274-8584
Angelique	afarnham13@wisdompets.com	479-118-1613
Lowrance	lgratton14@hplussport.com	212-562-3242
Cleo	cgoldwater15@landonhotel.com	903-791-7266
Menard	mpitone16@red30design.com	318-237-8464
Davy	dneely17@hplussport.com	407-752-8159
Zechariah	zdeniske18@kinetecoinc.com	256-909-6656
Serge	spethrick19@rouxacademy.org	724-424-9472
Lydie	lawmack1a@samoca.org	571-709-9837
Clementia	cfurminger1b@kinetecoinc.com	915-622-4479
Cathryn	cbeau1c@wisdompets.com	775-437-9114
Jack	jvaan1d@wisdompets.com	208-648-3163
Romeo	rannett1e@samoca.org	212-548-7727
Arlen	aofihillie1f@wisdompets.com	915-295-2257
Perceval	predpath1g@rouxacademy.org	301-713-2688
Ive	iiles1h@samoca.org	415-544-7619
Robbert	rwalkowski1i@kinetecoinc.com	626-967-1974
Hagen	hitzhayek1j@landonhotel.com	415-340-3585
Kahaleel	kkeaton1k@kinetecoinc.com	562-637-8856
Purcell	pllop1l@hplussport.com	727-959-7623
Cornelia	ckoppe1m@landonhotel.com	772-132-3079
Olympia	osansun1n@wisdompets.com	212-188-0416
Rubia	rfitzsymon1o@red30design.com	813-121-0276
Tybie	tbalme1p@orangevalleycaa.org	423-364-2730
Forest	fdubock1q@red30design.com	918-881-4322
Norby	nsleight1r@kinetecoinc.com	405-786-8722
Hayyim	hrossander1s@wisdompets.com	323-318-8768
Gilbert	gdupoy1t@rouxacademy.org	419-487-3597
Whitney	wlamberts1u@red30design.com	858-417-9425
Anastasie	aferguson1v@landonhotel.com	801-920-5569
Alaster	aruggles1w@red30design.com	651-761-7780
Loretta	lhundey1x@kinetecoinc.com	310-730-8619
Winnah	wdelia1y@red30design.com	626-579-3814
Trip	tpond1z@wisdompets.com	408-716-4969
Merle	msukbhans20@orangevalleycaa.org	616-189-2213
Giraldo	galgar21@kinetecoinc.com	585-956-6225
Bevvy	bharrowsmith22@red30design.com	210-572-0107
Dyanna	dfulger23@red30design.com	540-320-0153
Viola	vmclarnon24@orangevalleycaa.org	704-789-2133
Dorella	dlinbohm25@rouxacademy.org	203-835-7673
Winslow	wklass26@kinetecoinc.com	318-130-3322
Francisca	fcranmor27@wisdompets.com	757-141-3735
Gustave	galphonso28@wisdompets.com	702-709-0059
Jacquette	jspillard29@red30design.com	253-406-0669
Caril	cmatejic2a@orangevalleycaa.org	616-748-1299
Sianna	sdrewell2b@kinetecoinc.com	414-182-9923
Sonnie	smatticci2c@rouxacademy.org	805-544-5902
Brandais	bjeannaud2d@hplussport.com	405-272-0078
Junie	jmacrury2e@wisdompets.com	337-515-7385
Gus	gholyland2f@red30design.com	425-916-5021
Ab	ajurn2g@samoca.org	415-269-1567
Elmo	eockland2h@landonhotel.com	202-866-5269
Iver	ipalke2i@rouxacademy.org	215-247-9059
Asher	atapley2j@kinetecoinc.com	786-938-4977
Joel	jbaignard2k@orangevalleycaa.org	806-995-6798
Curr	cfittall2l@orangevalleycaa.org	920-248-2709
Lelah	lseathwright2m@samoca.org	713-248-4719
Melantha	mscowcroft2n@kinetecoinc.com	212-694-0087
Herb	hmcparland2o@rouxacademy.org	630-950-3309
Clem	cdurdy2p@hplussport.com	515-680-5018
Kala	ksimonian2q@landonhotel.com	304-681-5208
Blythe	bleggan2r@rouxacademy.org	334-770-7364
